Row ID,Order ID,Product Name,Category,Sales,Quantity,Discount,Profit
1,CA-2024-829933,Notebook,Office Supplies,1880.74,3,0.4,336.76
2,CA-2023-200640,Monitor,Furniture,1502.44,4,0.0,390.23
3,CA-2019-609573,Bookcase,Technology,1935.44,2,0.4,462.05
4,CA-2023-811366,Bookcase,Office Supplies,1637.0,7,0.0,-260.63
5,CA-2020-863535,Laptop Stand,Furniture,1127.45,10,0.0,1.51
6,CA-2019-779417,Notebook,Technology,427.3,3,0.4,126.22
7,CA-2021-403050,Mouse,Technology,290.37,5,0.1,74.71
8,CA-2024-231436,Notebook,Office Supplies,571.74,6,0.4,-68.09
9,CA-2022-523793,Monitor,Technology,1459.57,7,0.3,166.11
10,CA-2024-237364,Monitor,Furniture,1670.7,6,0.2,-379.19
11,CA-2019-893990,Address Labels,Technology,235.19,5,0.3,-10.37
12,CA-2024-932794,Conference Table,Office Supplies,1892.26,7,0.3,-197.04
13,CA-2019-357101,Keyboard,Technology,1979.85,3,0.3,409.86
14,CA-2021-938907,Laptop Stand,Office Supplies,1655.75,5,0.4,-33.07
15,CA-2022-791437,Conference Table,Furniture,409.48,2,0.2,-23.81
16,CA-2020-797015,Notebook,Office Supplies,1140.45,5,0.2,384.04
17,CA-2024-593652,Binder,Furniture,1328.36,7,0.3,377.67
18,CA-2020-141485,Desk Lamp,Furniture,593.17,10,0.3,-33.73
19,CA-2023-703297,Paper Shredder,Technology,1847.56,3,0.0,543.8
20,CA-2021-110966,Monitor,Office Supplies,1658.3,3,0.1,165.8
21,CA-2021-623338,Storage Drawer,Furniture,1211.14,7,0.2,197.98
22,CA-2019-779639,Printer,Office Supplies,1347.37,5,0.1,-121.41
23,CA-2022-116099,Notebook,Furniture,1289.94,8,0.2,-320.5
24,CA-2022-450049,Monitor,Technology,1364.03,4,0.2,-294.26
25,CA-2023-243165,Conference Table,Office Supplies,938.09,2,0.1,260.47
26,CA-2022-117128,Bookcase,Office Supplies,941.95,6,0.0,-117.84
27,CA-2020-816469,Office Chair,Technology,1476.62,6,0.4,164.29
28,CA-2020-842851,Address Labels,Furniture,1047.15,4,0.2,123.99
29,CA-2023-856636,Monitor,Furniture,1778.96,3,0.3,394.9
30,CA-2021-143812,Paper Shredder,Furniture,1223.05,5,0.3,201.16
31,CA-2022-669522,Paper Shredder,Furniture,292.65,4,0.0,50.94
32,CA-2022-660771,Binder,Furniture,1442.88,3,0.0,455.06
33,CA-2020-388392,Keyboard,Office Supplies,39.88,4,0.0,-0.77
34,CA-2021-266737,Address Labels,Technology,1237.36,5,0.4,405.73
35,CA-2024-443148,Address Labels,Technology,1812.92,10,0.0,222.24
36,CA-2019-562953,Notebook,Technology,1683.16,1,0.4,-24.73
37,CA-2024-427991,Address Labels,Technology,693.74,3,0.1,-123.34
38,CA-2021-264071,Conference Table,Office Supplies,467.69,9,0.0,-2.57
39,CA-2023-927371,Monitor,Office Supplies,1764.9,9,0.0,569.75
40,CA-2022-965097,Notebook,Office Supplies,1009.77,9,0.4,97.22
41,CA-2020-556300,Monitor,Office Supplies,909.83,3,0.3,-63.72
42,CA-2020-303762,Desk Lamp,Technology,867.64,6,0.0,254.83
43,CA-2023-107045,Bookcase,Office Supplies,143.98,7,0.3,2.05
44,CA-2023-920273,Paper Shredder,Technology,459.15,4,0.0,125.91
45,CA-2023-535727,Notebook,Office Supplies,56.3,7,0.1,18.75
46,CA-2021-582601,Bookcase,Technology,48.73,4,0.3,5.36
47,CA-2021-837539,Desk Lamp,Office Supplies,1842.75,4,0.0,513.56
48,CA-2024-491101,Laptop Stand,Office Supplies,501.23,10,0.4,-74.33
49,CA-2019-948724,Conference Table,Furniture,1738.09,6,0.4,-41.41
50,CA-2020-583684,Office Chair,Technology,1422.48,1,0.4,265.23
51,CA-2019-719635,Laptop Stand,Technology,1462.52,8,0.0,252.03
52,CA-2020-650802,Conference Table,Office Supplies,501.82,2,0.3,60.83
53,CA-2019-742632,Paper Shredder,Office Supplies,1761.62,5,0.1,-352.9
54,CA-2019-416915,Notebook,Furniture,192.79,6,0.0,36.31
55,CA-2021-257645,Printer,Office Supplies,308.77,9,0.0,89.86
56,CA-2020-167934,Laptop Stand,Technology,1415.31,8,0.1,476.13
57,CA-2020-289358,Laptop Stand,Technology,595.26,5,0.3,150.21
58,CA-2020-657836,Office Chair,Technology,632.61,4,0.0,-150.85
59,CA-2022-137168,Keyboard,Office Supplies,1932.8,4,0.3,221.76
60,CA-2021-564687,Monitor,Furniture,163.38,9,0.0,-28.52
61,CA-2022-546172,Paper Shredder,Furniture,887.7,1,0.2,193.31
62,CA-2023-173725,Paper Shredder,Furniture,716.44,10,0.1,24.26
63,CA-2023-932758,Laptop Stand,Furniture,611.32,1,0.3,212.17
64,CA-2022-629076,Address Labels,Technology,1175.75,5,0.4,60.69
65,CA-2023-280405,Binder,Office Supplies,289.41,2,0.2,13.1
66,CA-2019-321870,Storage Drawer,Furniture,631.59,4,0.0,-44.42
67,CA-2021-460371,Desk Accessories,Office Supplies,1236.67,3,0.0,-276.41
68,CA-2020-882815,Printer,Furniture,666.21,5,0.2,60.58
69,CA-2019-763548,Mouse,Office Supplies,1686.92,7,0.3,-308.18
70,CA-2024-810369,Keyboard,Furniture,551.07,8,0.2,-79.32
71,CA-2024-124034,Paper Shredder,Office Supplies,832.13,4,0.3,-152.67
72,CA-2019-334268,Desk Accessories,Furniture,1678.47,4,0.2,177.39
73,CA-2020-680012,Printer,Technology,1872.4,7,0.2,53.87
74,CA-2023-182514,Conference Table,Furniture,1104.97,6,0.4,377.04
75,CA-2021-604398,Conference Table,Technology,326.95,4,0.2,-74.56
76,CA-2022-437396,Paper Shredder,Furniture,1270.81,8,0.2,148.19
77,CA-2021-269013,Address Labels,Technology,610.02,6,0.4,102.8
78,CA-2019-887968,Mouse,Office Supplies,1908.15,6,0.1,-46.3
79,CA-2023-213069,Conference Table,Office Supplies,197.52,2,0.3,43.73
80,CA-2019-588378,Bookcase,Technology,1559.15,9,0.4,-185.07
81,CA-2020-998220,Address Labels,Office Supplies,1722.22,9,0.1,438.6
82,CA-2019-289666,Laptop Stand,Office Supplies,1869.74,7,0.1,-299.23
83,CA-2024-220120,Keyboard,Furniture,1046.62,10,0.2,-137.94
84,CA-2022-946271,Bookcase,Furniture,787.73,2,0.1,-115.19
85,CA-2019-959418,Conference Table,Office Supplies,1184.31,2,0.4,110.66
86,CA-2023-769926,Keyboard,Office Supplies,563.86,10,0.4,47.04
87,CA-2024-196567,Keyboard,Technology,236.18,7,0.0,28.81
88,CA-2019-214528,Laptop Stand,Technology,999.61,1,0.4,-192.84
89,CA-2022-895898,Mouse,Technology,1561.51,2,0.1,376.75
90,CA-2019-678725,Office Chair,Technology,616.53,9,0.2,-99.78
91,CA-2024-251690,Monitor,Furniture,914.3,1,0.2,169.23
92,CA-2020-509056,Laptop Stand,Office Supplies,1408.15,9,0.2,-65.17
93,CA-2020-761623,Address Labels,Furniture,887.67,10,0.3,-93.69
94,CA-2019-428666,Printer,Technology,57.84,5,0.2,-1.74
95,CA-2020-272395,Keyboard,Furniture,178.47,8,0.3,28.12
96,CA-2019-193262,Desk Lamp,Furniture,1387.4,1,0.4,-285.08
97,CA-2019-778351,Desk Lamp,Office Supplies,579.97,2,0.0,32.65
98,CA-2022-377275,Mouse,Technology,1572.09,8,0.1,115.45
99,CA-2024-471145,Paper Shredder,Office Supplies,752.19,10,0.3,153.87
100,CA-2020-516114,Bookcase,Furniture,392.45,9,0.2,59.13
101,CA-2024-538194,Laptop Stand,Office Supplies,637.63,1,0.1,132.63
102,CA-2024-639224,Office Chair,Technology,182.65,2,0.2,17.76
103,CA-2021-301441,Laptop Stand,Technology,233.03,5,0.0,45.11
104,CA-2021-915482,Office Chair,Office Supplies,951.93,7,0.1,306.67
105,CA-2022-858801,Conference Table,Furniture,954.76,1,0.2,126.46
106,CA-2023-928210,Paper Shredder,Office Supplies,1901.41,5,0.1,-1.08
107,CA-2023-401092,Monitor,Technology,279.01,5,0.0,60.01
108,CA-2020-841404,Address Labels,Furniture,509.32,6,0.2,-43.93
109,CA-2019-774360,Office Chair,Technology,884.92,5,0.0,43.69
110,CA-2022-162716,Desk Lamp,Office Supplies,1571.32,10,0.2,-109.29
111,CA-2021-865119,Binder,Office Supplies,1488.91,9,0.0,241.0
112,CA-2022-844845,Keyboard,Office Supplies,749.94,8,0.4,-5.74
113,CA-2020-795383,Address Labels,Furniture,1052.67,2,0.4,337.78
114,CA-2024-401568,Printer,Office Supplies,1493.39,3,0.3,180.15
115,CA-2019-277296,Storage Drawer,Technology,132.29,9,0.1,41.69
116,CA-2022-601595,Mouse,Technology,1545.1,10,0.1,347.63
117,CA-2021-428575,Conference Table,Technology,729.82,6,0.3,-43.83
118,CA-2021-131684,Desk Lamp,Technology,1432.68,1,0.3,-285.41
119,CA-2024-198586,Binder,Technology,307.68,7,0.2,1.15
120,CA-2024-822947,Conference Table,Furniture,159.84,10,0.1,1.95
121,CA-2023-781280,Desk Accessories,Office Supplies,660.08,5,0.1,-50.92
122,CA-2020-730132,Printer,Furniture,1194.56,8,0.1,189.73
123,CA-2021-528157,Binder,Furniture,437.35,9,0.1,90.94
124,CA-2024-603375,Bookcase,Office Supplies,616.74,4,0.2,-18.99
125,CA-2023-842801,Conference Table,Technology,692.66,7,0.1,56.41
126,CA-2020-217992,Desk Lamp,Technology,302.89,4,0.2,6.59
127,CA-2024-338938,Office Chair,Technology,875.7,10,0.2,143.44
128,CA-2021-405888,Binder,Office Supplies,902.09,2,0.2,132.29
129,CA-2020-819415,Binder,Technology,1695.71,6,0.4,-112.77
130,CA-2022-685686,Binder,Furniture,672.44,1,0.3,12.09
131,CA-2020-422436,Paper Shredder,Office Supplies,1697.63,3,0.3,-152.32
132,CA-2020-445861,Address Labels,Office Supplies,672.75,9,0.0,136.3
133,CA-2023-668523,Paper Shredder,Office Supplies,1285.89,1,0.1,138.02
134,CA-2020-827101,Bookcase,Furniture,1136.74,6,0.0,-232.93
135,CA-2019-801077,Bookcase,Furniture,545.02,4,0.0,149.78
136,CA-2024-195027,Office Chair,Office Supplies,1526.7,4,0.1,-359.52
137,CA-2022-755353,Storage Drawer,Office Supplies,913.63,9,0.1,180.01
138,CA-2021-510021,Storage Drawer,Furniture,900.35,8,0.0,-133.51
139,CA-2023-980968,Conference Table,Office Supplies,1071.38,7,0.2,275.38
140,CA-2024-188068,Printer,Technology,1916.18,4,0.0,-125.11
141,CA-2023-569290,Keyboard,Technology,729.82,8,0.4,192.0
142,CA-2023-574813,Desk Lamp,Furniture,803.44,8,0.2,18.22
143,CA-2024-792709,Office Chair,Office Supplies,1412.77,2,0.1,-279.92
144,CA-2022-239675,Monitor,Technology,1758.12,6,0.3,253.01
145,CA-2022-295894,Bookcase,Office Supplies,954.29,2,0.3,71.42
146,CA-2023-650114,Mouse,Office Supplies,283.01,9,0.0,48.91
147,CA-2024-319272,Keyboard,Technology,1445.06,4,0.1,-244.33
148,CA-2023-620973,Keyboard,Office Supplies,1993.48,6,0.4,174.49
149,CA-2024-598414,Mouse,Technology,73.82,6,0.0,16.36
150,CA-2022-863574,Desk Lamp,Office Supplies,918.75,3,0.1,35.19
151,CA-2023-200452,Desk Lamp,Office Supplies,1088.58,1,0.3,-173.67
152,CA-2020-354207,Bookcase,Technology,328.98,6,0.2,-3.61
153,CA-2019-528279,Monitor,Furniture,1927.9,9,0.1,562.64
154,CA-2020-722695,Bookcase,Technology,357.08,4,0.0,-10.93
155,CA-2020-200592,Storage Drawer,Technology,1200.68,1,0.1,-155.32
156,CA-2021-110183,Mouse,Office Supplies,1644.72,8,0.1,-88.85
157,CA-2024-600377,Laptop Stand,Office Supplies,497.48,4,0.2,161.84
158,CA-2020-481290,Desk Accessories,Furniture,107.29,7,0.2,14.3
159,CA-2020-915301,Conference Table,Office Supplies,869.16,4,0.3,-114.87
160,CA-2022-203189,Paper Shredder,Office Supplies,1046.21,8,0.4,-27.29
161,CA-2024-166224,Mouse,Furniture,110.15,5,0.3,15.45
162,CA-2022-250226,Desk Lamp,Technology,1195.35,8,0.2,147.14
163,CA-2021-122885,Desk Lamp,Furniture,1995.98,2,0.0,-164.25
164,CA-2022-378162,Laptop Stand,Office Supplies,1838.37,5,0.4,-214.74
165,CA-2024-913212,Keyboard,Office Supplies,1068.49,1,0.0,107.36
166,CA-2020-865380,Desk Lamp,Technology,235.96,5,0.3,-47.33
167,CA-2020-963650,Printer,Furniture,383.24,5,0.2,25.36
168,CA-2023-866137,Notebook,Office Supplies,1825.5,8,0.0,-13.31
169,CA-2021-554046,Storage Drawer,Office Supplies,1969.14,1,0.3,-152.72
170,CA-2022-497630,Mouse,Technology,558.17,6,0.0,79.47
171,CA-2021-351269,Address Labels,Technology,183.88,6,0.4,-23.49
172,CA-2020-311407,Desk Lamp,Technology,1822.38,3,0.2,24.6
173,CA-2019-848768,Office Chair,Furniture,888.0,3,0.1,255.99
174,CA-2023-180916,Keyboard,Furniture,1765.96,8,0.1,18.65
175,CA-2022-186863,Conference Table,Furniture,1802.79,9,0.0,-176.75
176,CA-2023-558122,Printer,Office Supplies,1495.25,4,0.2,364.94
177,CA-2024-650125,Paper Shredder,Furniture,1118.38,10,0.1,-196.92
178,CA-2022-987412,Paper Shredder,Technology,1222.08,5,0.4,-147.2
179,CA-2023-505901,Keyboard,Technology,1614.35,2,0.3,426.49
180,CA-2022-853444,Laptop Stand,Office Supplies,146.27,8,0.4,-7.63
181,CA-2022-121634,Printer,Technology,942.44,9,0.2,204.35
182,CA-2023-182353,Mouse,Furniture,120.24,2,0.0,16.69
183,CA-2021-965398,Paper Shredder,Technology,1131.51,2,0.4,128.02
184,CA-2024-485473,Conference Table,Office Supplies,901.38,6,0.0,115.22
185,CA-2019-478599,Printer,Technology,747.76,8,0.1,189.85
186,CA-2023-352783,Notebook,Technology,30.7,1,0.3,-3.66
187,CA-2024-750278,Desk Lamp,Office Supplies,1133.9,10,0.0,21.25
188,CA-2019-690621,Laptop Stand,Furniture,1783.93,5,0.0,-379.66
189,CA-2022-240152,Mouse,Furniture,612.05,6,0.2,148.45
190,CA-2023-458222,Laptop Stand,Office Supplies,1664.87,6,0.4,489.88
191,CA-2021-925430,Binder,Office Supplies,142.87,5,0.1,45.57
192,CA-2024-179733,Mouse,Office Supplies,602.35,10,0.2,115.08
193,CA-2019-519041,Keyboard,Office Supplies,1463.03,9,0.4,-233.46
194,CA-2022-932375,Desk Accessories,Office Supplies,1613.05,6,0.4,323.67
195,CA-2024-610575,Laptop Stand,Office Supplies,299.38,1,0.1,20.31
196,CA-2022-575765,Storage Drawer,Office Supplies,1081.55,6,0.1,215.66
197,CA-2023-807716,Printer,Technology,1769.84,8,0.4,163.27
198,CA-2024-815006,Keyboard,Office Supplies,1409.34,6,0.3,-253.91
199,CA-2023-598334,Desk Accessories,Technology,120.72,8,0.0,-10.58
200,CA-2021-982958,Bookcase,Furniture,708.91,9,0.2,64.47
201,CA-2024-748224,Desk Lamp,Office Supplies,934.85,7,0.0,-36.62
202,CA-2024-688830,Mouse,Furniture,1594.49,6,0.0,-59.59
203,CA-2020-611755,Notebook,Furniture,1660.16,4,0.3,26.26
204,CA-2021-498790,Conference Table,Furniture,783.29,9,0.3,-178.28
205,CA-2019-183064,Conference Table,Office Supplies,521.79,4,0.3,111.75
206,CA-2021-740258,Conference Table,Office Supplies,602.95,9,0.0,-48.45
207,CA-2023-539787,Office Chair,Furniture,1664.16,4,0.1,-240.93
208,CA-2023-691881,Desk Lamp,Office Supplies,1211.42,9,0.0,-17.13
209,CA-2024-751344,Storage Drawer,Office Supplies,534.67,10,0.1,159.62
210,CA-2022-636256,Paper Shredder,Technology,1596.47,2,0.1,-309.0
211,CA-2021-823277,Notebook,Office Supplies,602.54,7,0.1,90.6
212,CA-2022-662966,Office Chair,Technology,1971.53,10,0.2,222.32
213,CA-2020-261029,Monitor,Technology,1062.99,2,0.0,78.54
214,CA-2022-109548,Monitor,Office Supplies,777.45,6,0.2,-99.31
215,CA-2019-601949,Keyboard,Furniture,350.92,3,0.1,80.39
216,CA-2024-424167,Mouse,Furniture,1292.31,5,0.3,109.39
217,CA-2021-609221,Laptop Stand,Office Supplies,1044.31,6,0.4,70.34
218,CA-2023-134759,Desk Lamp,Office Supplies,1846.91,3,0.2,548.15
219,CA-2021-490891,Mouse,Furniture,1570.55,2,0.0,-208.8
220,CA-2022-866012,Monitor,Furniture,878.95,7,0.4,-34.35
221,CA-2020-698334,Binder,Technology,1105.45,3,0.2,27.44
222,CA-2024-555438,Conference Table,Technology,491.86,4,0.4,67.32
223,CA-2023-739870,Office Chair,Technology,909.28,2,0.2,19.12
224,CA-2019-381445,Conference Table,Furniture,88.9,5,0.1,-12.59
225,CA-2024-960415,Address Labels,Furniture,815.01,1,0.0,-172.46
226,CA-2022-163021,Desk Lamp,Technology,601.59,3,0.3,2.79
227,CA-2019-737008,Conference Table,Furniture,1555.85,9,0.4,459.5
228,CA-2024-610078,Printer,Technology,1119.45,7,0.3,-47.89
229,CA-2021-394232,Binder,Technology,1365.78,1,0.3,335.34
230,CA-2022-188379,Address Labels,Technology,1409.7,1,0.1,247.98
231,CA-2023-544907,Binder,Furniture,1760.08,10,0.4,-331.1
232,CA-2021-421726,Printer,Furniture,994.69,3,0.4,7.7
233,CA-2019-208730,Desk Lamp,Technology,963.24,3,0.1,217.5
234,CA-2024-540354,Mouse,Office Supplies,737.75,5,0.3,-57.86
235,CA-2021-641476,Binder,Technology,1749.86,10,0.0,-64.61
236,CA-2024-944656,Paper Shredder,Technology,103.63,4,0.0,-25.83
237,CA-2019-330680,Paper Shredder,Technology,1103.84,3,0.0,210.4
238,CA-2024-278606,Office Chair,Furniture,1466.41,5,0.4,-296.31
239,CA-2022-435556,Office Chair,Furniture,1119.99,8,0.2,305.25
240,CA-2023-970792,Storage Drawer,Office Supplies,983.77,6,0.2,163.8
241,CA-2022-591966,Notebook,Office Supplies,1397.8,7,0.2,-92.12
242,CA-2021-529627,Monitor,Furniture,1371.2,5,0.2,-146.16
243,CA-2019-809902,Desk Lamp,Technology,1424.38,8,0.0,364.5
244,CA-2021-639964,Laptop Stand,Technology,395.92,2,0.3,105.56
245,CA-2019-192754,Mouse,Furniture,567.72,9,0.1,-115.3
246,CA-2024-694405,Desk Lamp,Office Supplies,1549.71,10,0.4,170.73
247,CA-2022-560167,Desk Lamp,Office Supplies,592.83,3,0.1,144.49
248,CA-2019-244811,Notebook,Office Supplies,472.74,8,0.2,-90.86
249,CA-2020-887319,Paper Shredder,Office Supplies,1090.04,7,0.4,93.72
250,CA-2020-977819,Bookcase,Office Supplies,265.72,6,0.0,-44.95
251,CA-2019-837508,Desk Lamp,Technology,1140.55,6,0.1,313.16
252,CA-2024-112986,Laptop Stand,Furniture,385.36,9,0.1,125.66
253,CA-2020-116477,Monitor,Office Supplies,1545.74,6,0.0,-227.18
254,CA-2019-752794,Desk Accessories,Furniture,1828.51,1,0.1,112.41
255,CA-2022-803330,Binder,Office Supplies,1254.52,10,0.1,407.05
256,CA-2019-912997,Printer,Furniture,1019.24,4,0.3,46.08
257,CA-2024-541195,Storage Drawer,Office Supplies,1797.73,7,0.3,526.48
258,CA-2022-574896,Desk Accessories,Furniture,932.39,3,0.3,-115.81
259,CA-2020-348477,Paper Shredder,Furniture,97.17,4,0.2,17.17
260,CA-2021-554113,Notebook,Technology,616.37,9,0.4,6.09
261,CA-2022-734167,Keyboard,Technology,131.61,2,0.4,-29.6
262,CA-2019-119393,Binder,Technology,1360.33,5,0.2,230.21
263,CA-2019-776934,Paper Shredder,Technology,1426.99,3,0.4,-278.5
264,CA-2024-111485,Desk Accessories,Office Supplies,321.62,7,0.3,-35.74
265,CA-2019-666281,Laptop Stand,Office Supplies,365.25,5,0.0,127.78
266,CA-2024-605584,Bookcase,Technology,981.05,1,0.3,232.63
267,CA-2020-542747,Monitor,Technology,1236.6,6,0.2,-193.3
268,CA-2024-492208,Mouse,Office Supplies,887.84,9,0.2,168.1
269,CA-2020-539039,Printer,Technology,846.17,10,0.4,246.84
270,CA-2020-964802,Conference Table,Office Supplies,629.45,3,0.1,208.09
271,CA-2021-445415,Conference Table,Technology,883.15,1,0.4,96.54
272,CA-2022-602376,Printer,Office Supplies,1624.95,2,0.0,357.52
273,CA-2022-313871,Conference Table,Technology,984.35,3,0.3,-205.54
274,CA-2024-968862,Storage Drawer,Technology,804.3,8,0.3,162.75
275,CA-2019-875449,Desk Lamp,Office Supplies,1693.44,10,0.4,280.05
276,CA-2019-933731,Laptop Stand,Office Supplies,852.39,3,0.1,-16.35
277,CA-2021-481527,Mouse,Furniture,1856.29,6,0.3,-373.79
278,CA-2020-670278,Office Chair,Technology,1196.06,5,0.3,-177.45
279,CA-2022-331391,Desk Lamp,Office Supplies,793.12,1,0.1,55.78
280,CA-2024-631109,Storage Drawer,Office Supplies,1135.4,7,0.2,355.37
281,CA-2024-466970,Paper Shredder,Office Supplies,1726.85,3,0.4,179.13
282,CA-2022-912489,Printer,Furniture,1491.37,2,0.2,69.88
283,CA-2024-186450,Office Chair,Office Supplies,1566.73,5,0.3,-357.23
284,CA-2020-206117,Address Labels,Furniture,920.1,4,0.3,-192.67
285,CA-2019-739307,Keyboard,Furniture,408.26,7,0.3,-82.76
286,CA-2020-741867,Conference Table,Technology,1833.91,5,0.0,105.43
287,CA-2022-304119,Notebook,Technology,1231.12,4,0.2,-258.32
288,CA-2024-443457,Desk Accessories,Furniture,1883.14,10,0.2,466.15
289,CA-2022-300411,Printer,Technology,149.74,1,0.3,34.43
290,CA-2023-954269,Notebook,Technology,104.79,5,0.1,-13.14
291,CA-2020-412006,Paper Shredder,Furniture,808.85,8,0.1,-45.75
292,CA-2023-799685,Office Chair,Furniture,1625.49,10,0.4,254.47
293,CA-2023-228512,Binder,Office Supplies,311.35,4,0.1,-64.91
294,CA-2020-710272,Paper Shredder,Technology,502.23,5,0.4,-44.86
295,CA-2024-963977,Bookcase,Furniture,1829.61,3,0.3,540.05
296,CA-2021-711032,Office Chair,Furniture,74.12,1,0.4,-5.46
297,CA-2024-351754,Printer,Technology,1016.49,8,0.1,37.75
298,CA-2019-364905,Notebook,Technology,601.22,5,0.4,-86.11
299,CA-2019-527728,Paper Shredder,Office Supplies,1790.73,10,0.4,558.79
300,CA-2022-640520,Paper Shredder,Office Supplies,812.27,1,0.3,34.16
301,CA-2021-528079,Mouse,Office Supplies,528.95,6,0.4,-65.32
302,CA-2019-525047,Storage Drawer,Furniture,38.72,10,0.3,1.51
303,CA-2019-899246,Conference Table,Office Supplies,1917.35,2,0.4,485.16
304,CA-2022-154207,Bookcase,Furniture,825.2,7,0.2,-50.04
305,CA-2024-712392,Binder,Office Supplies,391.04,6,0.1,-55.06
306,CA-2020-635692,Keyboard,Furniture,89.82,10,0.3,7.29
307,CA-2024-174676,Printer,Furniture,1655.0,2,0.0,137.21
308,CA-2021-932723,Monitor,Technology,1113.7,6,0.1,340.35
309,CA-2024-677626,Laptop Stand,Technology,1072.55,8,0.1,77.71
310,CA-2023-869967,Monitor,Office Supplies,1175.8,7,0.2,-132.89
311,CA-2020-541789,Address Labels,Technology,486.49,10,0.2,65.4
312,CA-2021-355547,Printer,Furniture,1073.78,6,0.4,-73.43
313,CA-2020-287825,Storage Drawer,Office Supplies,145.21,2,0.0,10.87
314,CA-2022-761647,Paper Shredder,Office Supplies,1247.37,7,0.3,-121.12
315,CA-2023-307204,Address Labels,Office Supplies,260.1,4,0.4,-50.44
316,CA-2024-233091,Conference Table,Furniture,1645.92,3,0.1,59.94
317,CA-2021-945652,Keyboard,Office Supplies,1963.52,1,0.4,423.49
318,CA-2024-288911,Office Chair,Technology,712.41,1,0.0,-50.6
319,CA-2022-721678,Bookcase,Technology,1487.95,1,0.0,-36.76
320,CA-2023-935723,Monitor,Furniture,764.23,3,0.3,161.71
321,CA-2023-237876,Office Chair,Technology,243.35,5,0.4,13.8
322,CA-2023-765557,Conference Table,Furniture,1802.1,2,0.2,-301.98
323,CA-2023-717647,Binder,Technology,393.56,7,0.2,-40.87
324,CA-2023-651527,Keyboard,Office Supplies,855.82,8,0.2,55.25
325,CA-2020-736578,Laptop Stand,Technology,1153.7,10,0.4,-179.53
326,CA-2024-301981,Desk Lamp,Office Supplies,1755.64,2,0.4,100.08
327,CA-2024-206583,Laptop Stand,Furniture,895.73,3,0.0,220.46
328,CA-2019-136311,Conference Table,Technology,1996.52,5,0.4,537.57
329,CA-2019-735753,Desk Lamp,Technology,330.89,6,0.2,-41.36
330,CA-2024-171919,Notebook,Furniture,881.97,10,0.0,252.17
331,CA-2020-245728,Mouse,Furniture,1741.69,2,0.2,478.71
332,CA-2021-637871,Keyboard,Office Supplies,531.26,3,0.0,-96.4
333,CA-2022-348454,Bookcase,Technology,1968.35,10,0.1,-52.14
334,CA-2022-755151,Notebook,Technology,518.09,1,0.0,-41.36
335,CA-2020-526864,Printer,Furniture,1525.09,4,0.3,396.02
336,CA-2023-930151,Office Chair,Furniture,577.97,3,0.4,-8.84
337,CA-2023-564906,Desk Accessories,Furniture,901.39,9,0.1,-189.3
338,CA-2021-889434,Notebook,Technology,422.9,9,0.3,6.45
339,CA-2020-410345,Laptop Stand,Furniture,1488.68,7,0.2,-162.14
340,CA-2023-570451,Notebook,Office Supplies,1386.61,6,0.3,160.98
341,CA-2023-678069,Mouse,Furniture,577.91,10,0.0,56.72
342,CA-2020-982130,Desk Lamp,Furniture,451.23,2,0.2,-13.21
343,CA-2023-539680,Desk Lamp,Furniture,165.58,10,0.1,15.17
344,CA-2021-336533,Storage Drawer,Furniture,498.85,9,0.2,-31.85
345,CA-2022-913492,Mouse,Office Supplies,611.88,4,0.4,-14.06
346,CA-2023-667267,Conference Table,Office Supplies,1523.11,8,0.2,301.27
347,CA-2019-646681,Laptop Stand,Furniture,1782.06,6,0.3,396.76
348,CA-2020-990957,Mouse,Office Supplies,110.3,6,0.4,-10.31
349,CA-2020-929744,Paper Shredder,Technology,194.92,9,0.0,-48.63
350,CA-2022-351789,Monitor,Furniture,724.36,4,0.2,73.19
351,CA-2023-907110,Bookcase,Technology,1110.71,6,0.3,-170.63
352,CA-2023-528540,Address Labels,Office Supplies,1485.74,9,0.3,105.09
353,CA-2021-580083,Storage Drawer,Office Supplies,33.85,1,0.1,9.73
354,CA-2019-923970,Desk Accessories,Technology,1708.04,9,0.2,95.66
355,CA-2021-867933,Mouse,Technology,182.12,7,0.4,59.49
356,CA-2019-355781,Office Chair,Office Supplies,1484.39,10,0.0,-170.87
357,CA-2019-771854,Desk Accessories,Office Supplies,1668.19,1,0.3,569.51
358,CA-2022-766478,Conference Table,Technology,1481.49,5,0.2,305.72
359,CA-2022-458056,Conference Table,Technology,512.27,6,0.0,-12.49
360,CA-2019-288080,Monitor,Technology,1352.06,3,0.2,-118.31
361,CA-2021-124590,Desk Lamp,Technology,184.74,4,0.1,9.14
362,CA-2023-470893,Storage Drawer,Furniture,115.28,9,0.4,-26.23
363,CA-2024-635296,Notebook,Office Supplies,105.12,3,0.4,35.19
364,CA-2023-755701,Monitor,Office Supplies,705.23,5,0.2,-134.11
365,CA-2021-839425,Printer,Furniture,637.36,10,0.1,184.46
366,CA-2023-746104,Printer,Furniture,950.99,5,0.1,-51.79
367,CA-2021-852023,Monitor,Technology,673.31,3,0.0,61.41
368,CA-2021-195532,Printer,Office Supplies,772.82,2,0.1,226.06
369,CA-2019-191931,Laptop Stand,Technology,1813.4,10,0.2,429.58
370,CA-2021-651664,Desk Lamp,Office Supplies,381.52,2,0.4,50.03
371,CA-2023-500582,Paper Shredder,Furniture,295.08,4,0.0,-39.56
372,CA-2022-472267,Laptop Stand,Office Supplies,1624.84,2,0.1,333.1
373,CA-2020-696033,Bookcase,Furniture,485.26,2,0.2,-73.27
374,CA-2024-810465,Binder,Office Supplies,945.32,2,0.4,166.72
375,CA-2020-781818,Desk Accessories,Office Supplies,495.85,6,0.3,72.59
376,CA-2019-898626,Binder,Office Supplies,1294.55,3,0.0,248.49
377,CA-2020-325318,Desk Accessories,Furniture,1975.2,3,0.2,-41.58
378,CA-2019-133797,Laptop Stand,Furniture,671.05,7,0.0,-115.87
379,CA-2023-575265,Office Chair,Office Supplies,226.3,3,0.2,-47.66
380,CA-2023-119475,Office Chair,Furniture,981.07,5,0.1,197.92
381,CA-2022-283888,Mouse,Office Supplies,1655.3,3,0.4,-127.5
382,CA-2020-766158,Address Labels,Technology,1311.69,9,0.0,-241.25
383,CA-2024-123501,Conference Table,Technology,1595.79,7,0.2,464.24
384,CA-2019-944347,Storage Drawer,Technology,404.23,8,0.2,47.05
385,CA-2022-326191,Office Chair,Technology,725.98,6,0.0,165.85
386,CA-2021-768475,Storage Drawer,Office Supplies,75.96,6,0.1,19.29
387,CA-2021-845657,Notebook,Office Supplies,874.3,5,0.0,5.16
388,CA-2022-767903,Office Chair,Furniture,877.99,3,0.1,-4.44
389,CA-2022-709338,Binder,Furniture,1973.98,4,0.4,120.7
390,CA-2023-479351,Laptop Stand,Furniture,434.87,5,0.4,-105.74
391,CA-2023-458141,Office Chair,Technology,56.92,7,0.4,-4.43
392,CA-2022-871097,Paper Shredder,Office Supplies,1361.62,3,0.3,195.11
393,CA-2023-767929,Monitor,Technology,1481.97,4,0.3,4.92
394,CA-2022-493011,Bookcase,Furniture,628.09,3,0.2,88.4
395,CA-2020-595951,Desk Lamp,Furniture,853.28,10,0.3,-61.37
396,CA-2020-405188,Keyboard,Office Supplies,1219.57,2,0.0,-42.41
397,CA-2022-467899,Laptop Stand,Office Supplies,1693.64,3,0.3,-396.54
398,CA-2022-744261,Laptop Stand,Technology,310.68,1,0.0,46.33
399,CA-2020-815389,Printer,Furniture,526.72,2,0.2,-59.22
400,CA-2021-277916,Laptop Stand,Office Supplies,475.84,6,0.4,47.73
401,CA-2019-904102,Storage Drawer,Technology,1055.31,6,0.4,369.24
402,CA-2022-547106,Mouse,Office Supplies,566.2,1,0.0,63.19
403,CA-2024-342559,Office Chair,Furniture,305.67,2,0.4,61.86
404,CA-2024-297950,Storage Drawer,Office Supplies,199.59,2,0.3,57.28
405,CA-2021-875516,Binder,Office Supplies,378.47,7,0.3,70.12
406,CA-2020-274760,Printer,Technology,619.07,8,0.2,92.39
407,CA-2020-976220,Desk Accessories,Furniture,1410.48,5,0.1,184.15
408,CA-2022-490662,Binder,Office Supplies,808.25,2,0.4,159.62
409,CA-2024-961904,Office Chair,Furniture,30.51,2,0.1,-0.71
410,CA-2024-928305,Desk Lamp,Furniture,548.87,9,0.0,88.96
411,CA-2021-731246,Desk Lamp,Office Supplies,570.21,2,0.3,84.49
412,CA-2024-709092,Storage Drawer,Furniture,441.69,7,0.1,122.04
413,CA-2022-732761,Storage Drawer,Technology,1588.47,6,0.0,506.73
414,CA-2023-727040,Conference Table,Technology,1160.93,3,0.0,56.21
415,CA-2021-536106,Laptop Stand,Office Supplies,342.05,6,0.1,-5.66
416,CA-2023-674523,Office Chair,Technology,608.88,4,0.1,-32.13
417,CA-2022-540882,Keyboard,Technology,896.51,4,0.3,-124.51
418,CA-2021-960521,Storage Drawer,Furniture,1455.9,6,0.0,-243.45
419,CA-2019-857287,Paper Shredder,Office Supplies,1258.04,6,0.1,222.08
420,CA-2023-429673,Office Chair,Furniture,1516.02,7,0.3,-67.41
421,CA-2023-660893,Bookcase,Office Supplies,1424.38,6,0.3,324.32
422,CA-2024-281418,Desk Accessories,Furniture,514.41,3,0.3,-57.97
423,CA-2023-735534,Binder,Office Supplies,994.61,9,0.4,-224.38
424,CA-2021-332105,Keyboard,Furniture,675.58,5,0.2,166.21
425,CA-2023-273535,Desk Lamp,Technology,720.61,1,0.1,-123.01
426,CA-2024-428482,Storage Drawer,Furniture,1557.6,8,0.3,389.32
427,CA-2024-419359,Notebook,Furniture,1572.49,9,0.0,67.69
428,CA-2021-790754,Printer,Office Supplies,655.97,3,0.1,217.68
429,CA-2020-152337,Binder,Furniture,1817.36,4,0.3,390.07
430,CA-2021-746218,Laptop Stand,Office Supplies,891.88,6,0.4,123.31
431,CA-2019-272632,Address Labels,Office Supplies,659.58,5,0.3,77.12
432,CA-2019-549510,Monitor,Furniture,344.61,2,0.1,-33.59
433,CA-2023-325827,Desk Accessories,Office Supplies,491.54,4,0.2,-40.05
434,CA-2021-106304,Notebook,Technology,764.45,7,0.3,-123.0
435,CA-2022-565197,Bookcase,Technology,1782.53,5,0.4,587.12
436,CA-2019-349915,Address Labels,Technology,665.51,4,0.3,-41.67
437,CA-2022-118201,Laptop Stand,Furniture,575.49,7,0.2,-21.02
438,CA-2019-105441,Desk Lamp,Office Supplies,202.14,6,0.3,12.06
439,CA-2022-103430,Monitor,Furniture,877.95,2,0.2,-203.08
440,CA-2021-985224,Conference Table,Technology,1407.84,9,0.3,88.25
441,CA-2020-491950,Monitor,Technology,705.52,4,0.3,155.76
442,CA-2023-893552,Storage Drawer,Office Supplies,1318.2,7,0.0,460.3
443,CA-2020-139629,Mouse,Office Supplies,501.52,5,0.1,105.22
444,CA-2022-333379,Monitor,Office Supplies,1621.2,10,0.2,418.34
445,CA-2021-952129,Laptop Stand,Office Supplies,303.76,8,0.0,-64.8
446,CA-2021-956010,Conference Table,Technology,1672.1,7,0.0,346.27
447,CA-2024-795719,Address Labels,Technology,1017.13,6,0.4,193.45
448,CA-2021-274694,Bookcase,Technology,596.87,8,0.1,182.32
449,CA-2024-304617,Binder,Office Supplies,344.07,1,0.3,117.07
450,CA-2021-125906,Paper Shredder,Furniture,1747.21,7,0.1,-326.35
451,CA-2019-852748,Notebook,Office Supplies,1590.97,8,0.4,279.04
452,CA-2023-342330,Keyboard,Office Supplies,439.35,7,0.0,127.59
453,CA-2024-149277,Bookcase,Office Supplies,1013.3,10,0.3,55.49
454,CA-2020-554995,Keyboard,Furniture,1012.62,7,0.1,187.65
455,CA-2019-318034,Mouse,Technology,1432.54,4,0.3,-286.83
456,CA-2022-306752,Notebook,Furniture,1095.0,5,0.3,26.65
457,CA-2024-831846,Address Labels,Technology,1951.29,6,0.2,-418.65
458,CA-2019-103454,Laptop Stand,Office Supplies,1607.16,1,0.4,-271.9
459,CA-2024-475068,Notebook,Furniture,819.99,7,0.2,-135.32
460,CA-2020-875033,Address Labels,Furniture,478.48,9,0.2,-74.85
461,CA-2020-906382,Bookcase,Technology,1670.46,1,0.4,-327.12
462,CA-2021-360180,Address Labels,Technology,73.52,1,0.0,8.23
463,CA-2022-786000,Monitor,Office Supplies,1739.28,4,0.1,224.56
464,CA-2020-116415,Keyboard,Technology,1116.5,5,0.3,176.42
465,CA-2020-679692,Conference Table,Office Supplies,624.57,10,0.0,52.27
466,CA-2022-272322,Desk Lamp,Furniture,929.66,9,0.0,-150.77
467,CA-2022-893744,Storage Drawer,Technology,85.89,5,0.0,4.07
468,CA-2019-961876,Notebook,Technology,890.0,3,0.3,-103.08
469,CA-2021-292786,Office Chair,Office Supplies,1117.28,2,0.4,143.05
470,CA-2021-245987,Office Chair,Office Supplies,1695.65,4,0.2,306.12
471,CA-2020-935545,Keyboard,Office Supplies,1615.27,5,0.4,35.38
472,CA-2023-264045,Desk Lamp,Furniture,1737.81,10,0.3,256.3
473,CA-2019-118541,Storage Drawer,Office Supplies,1560.7,7,0.3,69.95
474,CA-2022-658696,Mouse,Technology,1128.37,6,0.3,80.08
475,CA-2023-946344,Notebook,Office Supplies,858.4,10,0.3,-44.86
476,CA-2021-604873,Laptop Stand,Office Supplies,1148.41,4,0.0,20.46
477,CA-2024-517054,Laptop Stand,Furniture,1751.65,10,0.4,13.42
478,CA-2020-140971,Printer,Office Supplies,449.05,7,0.2,70.52
479,CA-2024-943801,Address Labels,Office Supplies,730.18,5,0.3,245.1
480,CA-2024-490094,Notebook,Furniture,1436.27,10,0.3,99.84
481,CA-2022-403063,Bookcase,Technology,1867.65,1,0.1,-235.46
482,CA-2024-128394,Mouse,Furniture,448.0,10,0.1,-27.74
483,CA-2020-589476,Conference Table,Technology,880.48,3,0.1,72.72
484,CA-2022-855966,Keyboard,Office Supplies,1816.16,10,0.0,-393.4
485,CA-2024-622445,Mouse,Furniture,459.69,10,0.2,83.25
486,CA-2024-800540,Bookcase,Office Supplies,1562.17,4,0.2,259.53
487,CA-2021-874956,Printer,Furniture,305.76,4,0.3,72.42
488,CA-2021-489272,Paper Shredder,Office Supplies,1766.88,1,0.3,-154.12
489,CA-2019-600512,Printer,Technology,279.82,1,0.4,36.04
490,CA-2022-832689,Office Chair,Furniture,1280.7,10,0.2,197.9
491,CA-2023-380862,Bookcase,Office Supplies,127.04,2,0.4,32.47
492,CA-2020-997199,Conference Table,Technology,519.03,5,0.2,160.07
493,CA-2023-342410,Desk Accessories,Technology,1547.44,2,0.1,97.25
494,CA-2020-590340,Desk Accessories,Furniture,1208.49,5,0.3,401.58
495,CA-2021-729076,Mouse,Office Supplies,422.41,9,0.2,67.64
496,CA-2019-994485,Conference Table,Furniture,1473.56,3,0.4,231.06
497,CA-2022-981911,Address Labels,Technology,605.0,4,0.1,-30.21
498,CA-2021-141998,Bookcase,Office Supplies,1504.02,7,0.2,-47.68
499,CA-2023-627367,Address Labels,Office Supplies,278.21,1,0.0,-13.64
500,CA-2020-958029,Mouse,Office Supplies,1525.58,7,0.0,109.69
501,CA-2022-551642,Notebook,Furniture,718.19,2,0.1,158.24
502,CA-2022-440040,Desk Lamp,Furniture,1446.89,1,0.0,-159.18
503,CA-2021-660332,Monitor,Technology,1920.45,1,0.3,-331.73
504,CA-2024-292618,Paper Shredder,Office Supplies,865.39,8,0.0,-82.68
505,CA-2023-166241,Keyboard,Office Supplies,925.91,9,0.0,-183.48
506,CA-2021-230144,Notebook,Office Supplies,446.25,5,0.4,137.24
507,CA-2023-603324,Laptop Stand,Office Supplies,1679.13,3,0.4,157.59
508,CA-2023-256410,Notebook,Technology,1842.63,7,0.2,-15.39
509,CA-2023-829373,Paper Shredder,Furniture,1191.18,2,0.3,-283.45
510,CA-2022-873208,Conference Table,Furniture,1578.51,7,0.0,-346.75
511,CA-2021-320943,Storage Drawer,Technology,1218.91,8,0.1,-55.15
512,CA-2020-730256,Office Chair,Furniture,756.54,10,0.4,-100.03
513,CA-2020-897668,Desk Lamp,Furniture,1687.71,6,0.3,345.91
514,CA-2021-765154,Desk Accessories,Office Supplies,141.55,9,0.2,47.84
515,CA-2020-140559,Notebook,Office Supplies,863.14,3,0.2,-133.85
516,CA-2020-618221,Address Labels,Technology,1610.57,6,0.2,506.73
517,CA-2020-522411,Desk Accessories,Technology,781.07,7,0.4,-113.99
518,CA-2023-588405,Keyboard,Office Supplies,1949.04,4,0.4,-166.84
519,CA-2024-318287,Conference Table,Office Supplies,1319.02,5,0.0,105.41
520,CA-2022-447685,Printer,Technology,421.41,6,0.2,24.82
521,CA-2023-466566,Notebook,Technology,381.92,7,0.4,-16.13
522,CA-2019-502931,Binder,Office Supplies,22.56,10,0.3,-4.95
523,CA-2023-794980,Paper Shredder,Furniture,594.37,4,0.0,-68.71
524,CA-2020-926630,Conference Table,Furniture,504.4,6,0.2,167.72
525,CA-2022-607685,Storage Drawer,Furniture,1311.09,8,0.0,73.91
526,CA-2024-857398,Bookcase,Furniture,1700.48,8,0.4,520.93
527,CA-2019-355977,Laptop Stand,Technology,1165.95,5,0.4,-138.13
528,CA-2023-155395,Monitor,Office Supplies,1446.54,10,0.1,283.37
529,CA-2020-972437,Monitor,Technology,309.07,8,0.4,-21.85
530,CA-2019-788033,Binder,Technology,1739.05,4,0.3,-150.17
531,CA-2022-130344,Office Chair,Furniture,1561.32,7,0.1,-44.68
532,CA-2024-416791,Bookcase,Office Supplies,541.16,10,0.3,-31.51
533,CA-2020-472783,Desk Accessories,Furniture,1165.74,6,0.2,-113.11
534,CA-2019-125734,Office Chair,Technology,886.67,2,0.0,212.41
535,CA-2020-677080,Desk Accessories,Technology,1104.85,10,0.2,368.39
536,CA-2021-184307,Bookcase,Technology,1808.48,1,0.2,413.72
537,CA-2019-271415,Conference Table,Office Supplies,548.9,7,0.2,83.29
538,CA-2024-801034,Address Labels,Office Supplies,855.93,7,0.0,229.19
539,CA-2022-171858,Mouse,Furniture,1603.16,5,0.2,474.64
540,CA-2021-955522,Paper Shredder,Technology,1060.48,7,0.3,180.13
541,CA-2023-800769,Conference Table,Office Supplies,315.11,4,0.3,105.69
542,CA-2024-441919,Binder,Technology,1851.44,1,0.4,-85.58
543,CA-2020-580293,Mouse,Office Supplies,1311.64,10,0.4,218.86
544,CA-2019-738258,Mouse,Furniture,1463.01,7,0.1,400.85
545,CA-2019-633739,Address Labels,Office Supplies,29.67,5,0.2,2.07
546,CA-2019-703274,Storage Drawer,Furniture,1720.79,4,0.2,208.33
547,CA-2024-518928,Address Labels,Technology,1944.97,2,0.3,-69.26
548,CA-2021-811803,Laptop Stand,Office Supplies,954.76,8,0.1,-190.76
549,CA-2022-537733,Binder,Technology,1511.34,9,0.2,-367.26
550,CA-2021-359978,Notebook,Furniture,430.85,1,0.3,86.37
551,CA-2019-776325,Office Chair,Technology,308.37,5,0.1,58.81
552,CA-2019-837854,Keyboard,Furniture,1380.12,8,0.3,-315.86
553,CA-2024-554525,Storage Drawer,Furniture,1800.09,9,0.3,117.19
554,CA-2022-578033,Keyboard,Technology,979.32,6,0.2,58.66
555,CA-2020-654891,Bookcase,Office Supplies,453.81,1,0.2,27.5
556,CA-2023-186714,Monitor,Office Supplies,1594.55,10,0.2,-386.52
557,CA-2019-116895,Storage Drawer,Technology,554.48,5,0.1,-103.72
558,CA-2022-518705,Desk Lamp,Furniture,1216.36,8,0.3,141.47
559,CA-2022-335821,Storage Drawer,Office Supplies,1518.23,7,0.3,58.03
560,CA-2020-121292,Office Chair,Office Supplies,1292.43,5,0.1,204.07
561,CA-2021-604015,Laptop Stand,Technology,1863.78,5,0.1,-166.99
562,CA-2019-103580,Keyboard,Office Supplies,1616.28,2,0.2,-282.22
563,CA-2019-792216,Desk Lamp,Furniture,924.56,4,0.4,45.44
564,CA-2020-813028,Desk Accessories,Furniture,1967.43,8,0.1,531.1
565,CA-2024-699391,Notebook,Furniture,362.28,5,0.2,83.43
566,CA-2021-198130,Storage Drawer,Technology,1405.33,6,0.0,372.06
567,CA-2023-868471,Printer,Technology,662.86,4,0.2,147.3
568,CA-2021-336432,Printer,Office Supplies,1447.32,10,0.2,346.95
569,CA-2022-861456,Printer,Technology,960.05,3,0.0,309.51
570,CA-2021-501667,Binder,Furniture,1191.52,4,0.0,33.04
571,CA-2021-912006,Mouse,Office Supplies,1151.75,1,0.3,-235.87
572,CA-2022-759362,Laptop Stand,Furniture,200.42,9,0.2,19.74
573,CA-2022-501896,Keyboard,Office Supplies,1485.03,9,0.2,-250.4
574,CA-2024-556678,Desk Lamp,Office Supplies,778.81,9,0.0,169.81
575,CA-2021-605155,Mouse,Office Supplies,1060.11,8,0.3,293.23
576,CA-2021-587940,Conference Table,Office Supplies,731.45,8,0.4,41.45
577,CA-2020-953965,Desk Accessories,Technology,462.47,5,0.4,8.21
578,CA-2021-410249,Printer,Technology,623.54,4,0.1,-10.53
579,CA-2019-634434,Desk Lamp,Technology,1334.7,2,0.3,-44.05
580,CA-2022-780020,Printer,Office Supplies,534.09,7,0.4,154.62
581,CA-2023-996141,Desk Lamp,Office Supplies,473.47,8,0.2,59.4
582,CA-2022-815374,Office Chair,Office Supplies,1160.28,7,0.2,-208.55
583,CA-2024-544098,Office Chair,Technology,1458.7,7,0.4,242.69
584,CA-2023-131244,Desk Accessories,Furniture,1800.53,1,0.0,-19.49
585,CA-2023-295062,Desk Accessories,Office Supplies,1943.57,5,0.0,-450.73
586,CA-2019-273798,Address Labels,Technology,1369.63,8,0.2,313.46
587,CA-2021-678450,Notebook,Technology,1407.33,6,0.0,-34.35
588,CA-2020-942060,Printer,Office Supplies,1429.21,5,0.4,-15.12
589,CA-2022-985810,Desk Accessories,Office Supplies,75.17,7,0.2,-1.39
590,CA-2019-257333,Monitor,Furniture,947.24,1,0.4,72.04
591,CA-2021-479851,Paper Shredder,Technology,1547.68,8,0.3,-225.71
592,CA-2021-774187,Binder,Furniture,1273.02,1,0.0,344.33
593,CA-2024-438120,Paper Shredder,Office Supplies,140.31,9,0.4,-18.52
594,CA-2020-536048,Mouse,Office Supplies,1295.81,2,0.3,-129.29
595,CA-2020-583095,Notebook,Furniture,1507.76,4,0.4,-102.47
596,CA-2022-203604,Bookcase,Technology,1051.28,1,0.2,91.58
597,CA-2019-491532,Paper Shredder,Furniture,1714.76,10,0.0,346.18
598,CA-2019-505110,Conference Table,Office Supplies,618.26,2,0.4,11.19
599,CA-2024-968131,Keyboard,Office Supplies,1039.06,7,0.2,-186.48
600,CA-2023-392871,Notebook,Technology,1382.48,1,0.3,217.97
601,CA-2023-125849,Desk Lamp,Technology,267.36,8,0.2,-41.05
602,CA-2021-441192,Desk Accessories,Office Supplies,145.07,8,0.4,32.74
603,CA-2023-161390,Printer,Technology,286.52,9,0.3,11.87
604,CA-2024-771880,Bookcase,Technology,1017.08,3,0.3,72.5
605,CA-2021-638242,Conference Table,Office Supplies,1865.75,1,0.2,-368.12
606,CA-2023-680021,Notebook,Furniture,1588.11,7,0.3,124.54
607,CA-2023-673590,Monitor,Office Supplies,1604.46,4,0.1,72.58
608,CA-2020-700265,Storage Drawer,Furniture,1600.3,7,0.2,-363.62
609,CA-2020-609885,Desk Accessories,Office Supplies,866.77,10,0.4,-50.48
610,CA-2020-250430,Monitor,Technology,1688.82,4,0.3,-359.5
611,CA-2019-323755,Monitor,Furniture,84.03,1,0.1,-10.2
612,CA-2022-452339,Storage Drawer,Office Supplies,1468.28,2,0.2,330.25
613,CA-2024-554927,Paper Shredder,Technology,1643.48,2,0.0,168.86
614,CA-2020-668289,Desk Accessories,Furniture,303.14,7,0.2,48.8
615,CA-2023-648623,Mouse,Furniture,342.03,1,0.2,-17.63
616,CA-2021-701330,Notebook,Office Supplies,367.41,9,0.0,91.0
617,CA-2021-577230,Office Chair,Office Supplies,867.87,4,0.1,293.2
618,CA-2022-457506,Mouse,Technology,270.7,8,0.2,-0.2
619,CA-2022-251791,Conference Table,Office Supplies,39.13,5,0.1,11.09
620,CA-2019-486099,Desk Accessories,Furniture,1524.57,5,0.0,448.46
621,CA-2020-436623,Office Chair,Technology,1900.26,6,0.0,66.9
622,CA-2023-732659,Monitor,Office Supplies,782.71,10,0.0,-114.17
623,CA-2022-456995,Bookcase,Technology,1743.73,1,0.2,-146.49
624,CA-2023-708459,Storage Drawer,Office Supplies,129.84,1,0.3,11.67
625,CA-2021-294176,Desk Accessories,Furniture,1393.3,2,0.4,2.04
626,CA-2022-412437,Office Chair,Office Supplies,454.35,7,0.0,8.98
627,CA-2020-130685,Office Chair,Furniture,412.97,8,0.1,-29.79
628,CA-2019-668528,Keyboard,Furniture,795.97,5,0.3,-50.55
629,CA-2022-551507,Conference Table,Office Supplies,1985.86,6,0.4,-47.73
630,CA-2021-617785,Storage Drawer,Furniture,1671.22,1,0.3,-262.33
631,CA-2022-339323,Monitor,Furniture,145.31,5,0.1,-20.8
632,CA-2019-593322,Storage Drawer,Office Supplies,170.06,3,0.0,23.0
633,CA-2024-113961,Keyboard,Furniture,170.69,3,0.4,38.17
634,CA-2020-546804,Bookcase,Technology,413.7,10,0.2,6.8
635,CA-2024-924682,Keyboard,Furniture,393.95,7,0.3,64.87
636,CA-2023-707565,Desk Accessories,Office Supplies,1028.38,5,0.4,88.66
637,CA-2021-793756,Office Chair,Office Supplies,1117.81,5,0.1,-68.45
638,CA-2022-307510,Desk Lamp,Technology,1013.97,5,0.4,3.6
639,CA-2024-839365,Address Labels,Furniture,519.44,8,0.2,5.23
640,CA-2022-427505,Bookcase,Office Supplies,1118.48,4,0.4,11.36
641,CA-2020-744716,Mouse,Office Supplies,545.73,3,0.2,-4.81
642,CA-2021-243324,Binder,Office Supplies,433.32,3,0.4,30.69
643,CA-2020-788896,Keyboard,Office Supplies,1639.7,4,0.0,371.68
644,CA-2020-260941,Mouse,Furniture,1434.3,9,0.4,274.72
645,CA-2022-195363,Address Labels,Office Supplies,87.66,2,0.0,1.56
646,CA-2023-104090,Notebook,Technology,50.55,7,0.2,-10.98
647,CA-2020-819494,Laptop Stand,Office Supplies,208.55,1,0.2,-34.11
648,CA-2024-640023,Mouse,Furniture,907.95,8,0.0,223.06
649,CA-2021-828987,Address Labels,Furniture,124.52,1,0.1,42.49
650,CA-2022-526708,Keyboard,Furniture,44.59,6,0.1,11.66
651,CA-2024-919060,Desk Accessories,Furniture,1631.91,9,0.3,-366.84
652,CA-2020-818953,Printer,Furniture,665.54,5,0.1,-97.5
653,CA-2023-148152,Desk Lamp,Office Supplies,492.02,1,0.0,142.34
654,CA-2023-689023,Office Chair,Furniture,103.72,2,0.0,-15.07
655,CA-2023-734180,Conference Table,Office Supplies,686.13,2,0.4,174.62
656,CA-2022-174972,Paper Shredder,Technology,1266.08,6,0.2,95.17
657,CA-2024-797011,Office Chair,Office Supplies,1188.44,2,0.3,-68.23
658,CA-2023-911695,Mouse,Furniture,951.98,7,0.2,179.73
659,CA-2019-277694,Address Labels,Furniture,1601.63,9,0.1,74.91
660,CA-2024-595390,Mouse,Office Supplies,97.29,2,0.2,-4.15
661,CA-2023-124533,Mouse,Technology,819.56,8,0.4,20.39
662,CA-2022-679984,Mouse,Office Supplies,1716.09,6,0.0,93.76
663,CA-2022-834085,Mouse,Technology,1667.83,3,0.3,366.91
664,CA-2019-482399,Mouse,Technology,1113.36,8,0.2,224.03
665,CA-2022-327378,Desk Accessories,Technology,1316.85,8,0.1,-6.38
666,CA-2022-637513,Storage Drawer,Office Supplies,1491.17,7,0.4,143.66
667,CA-2019-233792,Paper Shredder,Office Supplies,1339.22,1,0.4,-24.99
668,CA-2023-283151,Address Labels,Office Supplies,581.06,8,0.3,-24.76
669,CA-2023-924680,Monitor,Furniture,1226.09,9,0.3,281.33
670,CA-2019-347059,Address Labels,Technology,256.58,3,0.2,-46.47
671,CA-2023-187939,Laptop Stand,Furniture,1990.76,10,0.4,-144.61
672,CA-2020-960998,Address Labels,Technology,1059.57,6,0.3,-197.5
673,CA-2024-629397,Desk Accessories,Office Supplies,1528.58,7,0.4,-76.12
674,CA-2020-683977,Bookcase,Technology,1749.32,8,0.2,-227.84
675,CA-2021-870283,Paper Shredder,Technology,1907.09,3,0.3,117.23
676,CA-2023-209915,Address Labels,Technology,1383.1,1,0.2,476.4
677,CA-2023-446259,Mouse,Technology,868.59,3,0.2,-207.25
678,CA-2019-382962,Mouse,Furniture,157.59,5,0.0,10.13
679,CA-2021-694962,Paper Shredder,Technology,1745.71,10,0.1,169.68
680,CA-2022-452866,Keyboard,Technology,1797.49,4,0.1,57.71
681,CA-2021-461502,Monitor,Office Supplies,1972.22,7,0.2,677.68
682,CA-2024-652767,Storage Drawer,Office Supplies,1919.21,1,0.0,-162.94
683,CA-2019-719725,Notebook,Office Supplies,1227.44,2,0.4,-167.35
684,CA-2022-958336,Bookcase,Furniture,932.43,4,0.4,-216.16
685,CA-2024-615334,Keyboard,Furniture,1689.19,1,0.2,148.2
686,CA-2020-154660,Desk Accessories,Technology,651.85,5,0.2,-117.74
687,CA-2024-684306,Conference Table,Office Supplies,1363.97,5,0.2,-150.59
688,CA-2019-255741,Storage Drawer,Furniture,1686.02,2,0.0,-80.3
689,CA-2022-867493,Storage Drawer,Furniture,132.55,6,0.1,12.01
690,CA-2023-729740,Office Chair,Furniture,1405.34,7,0.0,-324.58
691,CA-2019-207874,Bookcase,Technology,144.6,7,0.1,-5.13
692,CA-2024-838616,Printer,Office Supplies,1316.43,6,0.1,457.01
693,CA-2024-546233,Printer,Furniture,1168.85,4,0.0,297.86
694,CA-2020-280008,Storage Drawer,Furniture,1724.32,1,0.1,305.54
695,CA-2020-767267,Laptop Stand,Technology,495.07,5,0.3,44.22
696,CA-2020-218404,Desk Lamp,Furniture,452.33,6,0.2,140.19
697,CA-2020-302319,Conference Table,Furniture,1295.96,9,0.0,383.73
698,CA-2019-268219,Binder,Technology,417.87,3,0.0,114.11
699,CA-2023-297871,Office Chair,Furniture,1922.06,7,0.0,-422.05
700,CA-2023-939117,Keyboard,Technology,1582.54,3,0.1,26.95
701,CA-2023-307772,Laptop Stand,Technology,811.8,8,0.2,-121.48
702,CA-2021-254442,Conference Table,Furniture,698.86,6,0.0,215.9
703,CA-2021-724857,Printer,Furniture,615.37,10,0.2,-78.06
704,CA-2019-623272,Conference Table,Technology,1740.71,3,0.4,-138.62
705,CA-2020-838255,Laptop Stand,Technology,420.25,8,0.3,62.89
706,CA-2021-551018,Printer,Office Supplies,1574.09,5,0.3,-368.5
707,CA-2022-965265,Laptop Stand,Technology,1629.03,3,0.1,-121.86
708,CA-2019-413475,Office Chair,Office Supplies,21.21,5,0.1,5.27
709,CA-2023-431852,Desk Accessories,Technology,148.61,9,0.2,-24.89
710,CA-2023-528633,Laptop Stand,Furniture,1936.78,6,0.0,557.83
711,CA-2019-853211,Monitor,Furniture,1112.07,4,0.3,276.75
712,CA-2024-843071,Bookcase,Technology,1882.73,1,0.0,503.77
713,CA-2020-820138,Mouse,Furniture,1123.98,2,0.1,46.54
714,CA-2022-487946,Address Labels,Furniture,1278.28,3,0.3,207.02
715,CA-2024-288350,Notebook,Furniture,1113.34,6,0.2,-169.5
716,CA-2024-634014,Storage Drawer,Furniture,358.98,1,0.0,111.83
717,CA-2019-563669,Bookcase,Office Supplies,1876.09,7,0.2,503.52
718,CA-2022-451936,Paper Shredder,Furniture,1836.66,2,0.1,46.21
719,CA-2023-361487,Desk Accessories,Technology,1367.93,1,0.3,-24.0
720,CA-2024-863208,Binder,Office Supplies,1520.9,1,0.4,-286.46
721,CA-2019-270564,Keyboard,Furniture,163.18,7,0.3,44.68
722,CA-2023-805033,Bookcase,Technology,1481.65,5,0.0,-147.38
723,CA-2021-753349,Desk Lamp,Office Supplies,1012.61,1,0.0,-111.99
724,CA-2020-534171,Printer,Office Supplies,333.19,7,0.3,116.33
725,CA-2024-543597,Bookcase,Office Supplies,1470.59,2,0.2,-79.29
726,CA-2020-146186,Paper Shredder,Office Supplies,641.02,9,0.1,-79.96
727,CA-2023-997157,Mouse,Office Supplies,710.55,9,0.0,157.76
728,CA-2024-743022,Conference Table,Technology,671.35,4,0.4,113.43
729,CA-2022-236731,Desk Lamp,Furniture,1163.15,6,0.4,287.03
730,CA-2021-461769,Office Chair,Technology,581.24,8,0.1,130.23
731,CA-2021-154812,Desk Accessories,Office Supplies,342.61,1,0.1,18.7
732,CA-2021-196565,Bookcase,Furniture,1600.22,6,0.1,209.03
733,CA-2023-462208,Paper Shredder,Office Supplies,1088.61,2,0.3,-207.58
734,CA-2019-439255,Conference Table,Technology,329.43,5,0.1,89.45
735,CA-2023-671688,Bookcase,Furniture,1576.88,9,0.3,-113.15
736,CA-2023-665115,Desk Accessories,Office Supplies,1233.47,3,0.2,81.47
737,CA-2022-626611,Keyboard,Office Supplies,407.95,3,0.4,122.54
738,CA-2021-592381,Monitor,Technology,244.85,3,0.4,-5.9
739,CA-2020-569476,Binder,Technology,1880.02,8,0.4,-80.03
740,CA-2019-321605,Mouse,Furniture,641.33,3,0.2,186.19
741,CA-2024-928048,Binder,Office Supplies,1909.98,8,0.1,-467.24
742,CA-2022-933943,Address Labels,Technology,1385.88,2,0.3,-226.66
743,CA-2021-672712,Monitor,Technology,1743.35,8,0.2,-306.94
744,CA-2024-644206,Conference Table,Technology,395.56,4,0.4,-47.62
745,CA-2021-479186,Conference Table,Furniture,1647.59,10,0.1,-18.3
746,CA-2024-380488,Desk Accessories,Office Supplies,1570.96,5,0.4,-251.12
747,CA-2021-707414,Bookcase,Furniture,1491.11,4,0.0,-321.66
748,CA-2021-372792,Office Chair,Furniture,804.44,1,0.0,-31.72
749,CA-2020-698647,Monitor,Technology,784.71,3,0.3,259.3
750,CA-2020-436640,Notebook,Office Supplies,93.69,4,0.3,5.05
751,CA-2021-719273,Address Labels,Furniture,1974.72,8,0.4,356.34
752,CA-2021-993475,Desk Lamp,Technology,485.42,10,0.4,10.98
753,CA-2020-760019,Monitor,Office Supplies,975.07,2,0.3,148.55
754,CA-2019-357007,Printer,Furniture,1104.31,4,0.1,298.1
755,CA-2019-602180,Office Chair,Furniture,1576.84,10,0.1,55.71
756,CA-2022-188872,Monitor,Office Supplies,787.47,3,0.4,22.71
757,CA-2019-464866,Office Chair,Technology,292.03,10,0.3,31.82
758,CA-2023-781281,Address Labels,Furniture,869.46,6,0.3,262.12
759,CA-2024-793194,Desk Lamp,Furniture,1306.62,4,0.0,438.25
760,CA-2022-564358,Address Labels,Furniture,454.24,5,0.1,-82.69
761,CA-2021-535200,Storage Drawer,Office Supplies,1896.83,6,0.1,105.78
762,CA-2024-375663,Desk Accessories,Office Supplies,836.9,6,0.1,-185.97
763,CA-2023-591378,Bookcase,Technology,1753.08,7,0.1,-167.88
764,CA-2024-703388,Notebook,Furniture,1032.07,2,0.1,356.97
765,CA-2020-843421,Mouse,Furniture,1806.96,9,0.0,607.65
766,CA-2021-691761,Mouse,Furniture,1201.01,2,0.3,241.54
767,CA-2022-927764,Monitor,Office Supplies,868.48,2,0.4,-32.86
768,CA-2022-461744,Printer,Office Supplies,759.67,1,0.4,72.06
769,CA-2024-380030,Office Chair,Furniture,470.76,6,0.1,-42.03
770,CA-2024-751853,Desk Lamp,Technology,1313.34,2,0.0,409.0
771,CA-2019-871480,Laptop Stand,Office Supplies,391.55,5,0.1,72.98
772,CA-2019-718704,Address Labels,Furniture,399.78,9,0.0,95.96
773,CA-2024-370646,Laptop Stand,Furniture,1044.13,10,0.1,-13.42
774,CA-2022-121970,Office Chair,Furniture,1384.16,8,0.4,225.69
775,CA-2023-213043,Keyboard,Furniture,1432.76,8,0.1,488.06
776,CA-2019-351117,Notebook,Technology,393.88,8,0.0,95.91
777,CA-2019-108126,Keyboard,Technology,1527.64,5,0.4,345.73
778,CA-2021-474735,Bookcase,Furniture,519.92,2,0.2,-125.23
779,CA-2024-285309,Storage Drawer,Furniture,1597.2,2,0.1,-146.62
780,CA-2021-638272,Monitor,Technology,977.31,9,0.0,260.74
781,CA-2023-520678,Binder,Office Supplies,1074.76,8,0.2,-38.44
782,CA-2024-548364,Desk Lamp,Office Supplies,1564.02,9,0.0,-127.2
783,CA-2020-793028,Office Chair,Technology,1487.75,10,0.4,367.08
784,CA-2019-671983,Printer,Furniture,195.7,10,0.1,52.84
785,CA-2024-135019,Desk Lamp,Office Supplies,1897.33,2,0.4,-144.28
786,CA-2019-755935,Laptop Stand,Office Supplies,1304.87,7,0.2,-203.1
787,CA-2021-247966,Laptop Stand,Furniture,1891.39,10,0.4,-29.92
788,CA-2020-475370,Desk Lamp,Office Supplies,1309.9,2,0.0,-178.5
789,CA-2024-912612,Bookcase,Technology,1282.06,10,0.4,-304.02
790,CA-2023-710212,Mouse,Furniture,1921.05,6,0.4,333.59
791,CA-2019-774463,Notebook,Technology,979.01,7,0.0,-147.67
792,CA-2023-905267,Address Labels,Office Supplies,820.44,8,0.3,-115.06
793,CA-2024-285362,Desk Accessories,Furniture,415.35,5,0.3,50.29
794,CA-2023-297919,Office Chair,Furniture,964.07,5,0.1,251.98
795,CA-2019-940829,Desk Lamp,Office Supplies,245.07,6,0.3,37.29
796,CA-2023-440979,Notebook,Furniture,325.76,5,0.3,13.63
797,CA-2019-812036,Binder,Technology,683.23,3,0.0,-147.71
798,CA-2021-585468,Binder,Furniture,912.24,3,0.1,217.02
799,CA-2020-845970,Binder,Furniture,1977.46,4,0.2,23.09
800,CA-2019-216770,Binder,Furniture,1272.4,2,0.4,-195.64
801,CA-2023-668654,Desk Accessories,Office Supplies,736.29,5,0.0,225.81
802,CA-2024-183769,Address Labels,Office Supplies,1785.52,3,0.2,16.98
803,CA-2022-360888,Laptop Stand,Office Supplies,1174.86,7,0.0,25.41
804,CA-2019-881890,Notebook,Furniture,627.23,4,0.4,-91.9
805,CA-2020-387553,Desk Lamp,Furniture,520.1,6,0.1,-30.92
806,CA-2024-228834,Office Chair,Furniture,435.91,10,0.4,108.09
807,CA-2023-494781,Address Labels,Office Supplies,1469.16,6,0.0,-327.06
808,CA-2024-974032,Laptop Stand,Office Supplies,1458.45,7,0.0,121.11
809,CA-2020-104348,Office Chair,Office Supplies,1447.3,8,0.3,176.39
810,CA-2024-929318,Binder,Furniture,56.94,9,0.1,-13.72
811,CA-2024-829700,Address Labels,Technology,619.1,2,0.1,29.68
812,CA-2022-523791,Paper Shredder,Office Supplies,898.22,5,0.0,22.91
813,CA-2022-902341,Desk Lamp,Technology,735.18,6,0.3,-92.53
814,CA-2021-973598,Desk Lamp,Technology,1536.35,2,0.3,-337.87
815,CA-2024-436594,Binder,Office Supplies,536.5,5,0.4,151.99
816,CA-2019-584720,Keyboard,Technology,201.1,3,0.3,68.95
817,CA-2022-391476,Office Chair,Technology,996.63,9,0.0,159.19
818,CA-2023-339694,Monitor,Office Supplies,1923.07,9,0.1,314.49
819,CA-2020-551313,Office Chair,Furniture,1213.88,7,0.1,155.69
820,CA-2021-161156,Binder,Technology,1228.38,2,0.2,161.37
821,CA-2021-124520,Keyboard,Technology,362.84,2,0.2,-47.48
822,CA-2020-778526,Conference Table,Technology,881.32,8,0.0,280.76
823,CA-2024-802304,Paper Shredder,Furniture,398.51,2,0.4,134.03
824,CA-2023-783418,Desk Accessories,Office Supplies,766.3,8,0.3,19.0
825,CA-2019-832059,Office Chair,Office Supplies,929.72,7,0.0,183.18
826,CA-2022-107763,Paper Shredder,Technology,168.72,4,0.3,46.72
827,CA-2019-460994,Keyboard,Furniture,1128.23,9,0.3,20.52
828,CA-2022-949118,Desk Accessories,Technology,1221.8,8,0.1,-178.5
829,CA-2019-254072,Binder,Office Supplies,1923.11,2,0.0,-67.63
830,CA-2022-110536,Bookcase,Office Supplies,669.91,9,0.1,155.53
831,CA-2024-589190,Laptop Stand,Technology,1092.8,3,0.1,326.24
832,CA-2020-818846,Keyboard,Furniture,415.25,3,0.1,15.08
833,CA-2022-777671,Notebook,Technology,783.89,2,0.4,-116.83
834,CA-2021-605041,Office Chair,Technology,228.64,2,0.4,-53.06
835,CA-2020-755154,Desk Lamp,Technology,1556.99,4,0.4,-220.15
836,CA-2022-706809,Monitor,Technology,509.45,7,0.3,-60.93
837,CA-2020-657611,Notebook,Furniture,1525.01,7,0.0,6.62
838,CA-2021-116926,Notebook,Furniture,1334.47,1,0.4,-231.19
839,CA-2019-376998,Mouse,Office Supplies,894.26,9,0.1,-96.14
840,CA-2024-299667,Address Labels,Office Supplies,1661.99,5,0.4,-153.62
841,CA-2020-373227,Laptop Stand,Office Supplies,1900.41,9,0.1,246.26
842,CA-2024-409093,Binder,Office Supplies,1929.3,5,0.2,257.49
843,CA-2019-448814,Storage Drawer,Office Supplies,1404.99,3,0.0,23.73
844,CA-2022-869636,Bookcase,Office Supplies,399.99,2,0.1,-9.56
845,CA-2022-266484,Conference Table,Office Supplies,1651.31,3,0.4,471.25
846,CA-2023-488591,Printer,Furniture,940.77,2,0.2,299.1
847,CA-2022-454922,Printer,Technology,1842.46,5,0.1,304.55
848,CA-2022-593617,Paper Shredder,Technology,1129.42,10,0.3,71.15
849,CA-2024-853533,Binder,Furniture,1066.5,5,0.0,184.56
850,CA-2021-111414,Notebook,Office Supplies,1929.39,7,0.2,-303.04
851,CA-2019-248408,Storage Drawer,Technology,1190.73,2,0.2,172.58
852,CA-2022-113390,Notebook,Technology,886.11,3,0.3,240.12
853,CA-2019-479565,Conference Table,Technology,1406.69,1,0.2,44.54
854,CA-2022-740806,Keyboard,Technology,567.72,9,0.4,174.57
855,CA-2019-614318,Bookcase,Office Supplies,70.93,6,0.1,20.09
856,CA-2024-266666,Paper Shredder,Office Supplies,863.5,5,0.3,-91.49
857,CA-2019-249887,Notebook,Furniture,1910.61,10,0.3,357.8
858,CA-2023-721589,Keyboard,Furniture,120.57,3,0.3,26.27
859,CA-2022-576938,Paper Shredder,Furniture,963.48,3,0.3,13.18
860,CA-2024-703805,Keyboard,Office Supplies,1476.76,3,0.2,306.66
861,CA-2024-906518,Laptop Stand,Technology,965.01,10,0.0,-100.29
862,CA-2019-958140,Mouse,Office Supplies,1973.71,8,0.1,-376.6
863,CA-2022-236696,Office Chair,Office Supplies,529.47,10,0.0,47.19
864,CA-2022-444402,Notebook,Furniture,828.38,9,0.4,92.95
865,CA-2024-363992,Keyboard,Office Supplies,1099.06,7,0.0,11.63
866,CA-2019-997706,Printer,Furniture,1681.77,5,0.3,-351.2
867,CA-2024-644184,Printer,Furniture,109.15,4,0.3,27.11
868,CA-2020-183234,Desk Accessories,Office Supplies,1517.62,1,0.2,-88.92
869,CA-2021-738673,Address Labels,Office Supplies,359.46,10,0.3,106.7
870,CA-2020-250351,Notebook,Office Supplies,73.22,9,0.3,-1.25
871,CA-2020-775197,Address Labels,Office Supplies,1129.08,9,0.3,-152.98
872,CA-2023-499665,Mouse,Furniture,1375.18,8,0.4,138.05
873,CA-2023-583818,Laptop Stand,Furniture,448.01,2,0.0,51.06
874,CA-2019-242782,Mouse,Office Supplies,1569.17,3,0.3,13.29
875,CA-2020-525166,Monitor,Office Supplies,442.36,8,0.3,70.37
876,CA-2023-946105,Notebook,Furniture,788.21,4,0.1,-30.68
877,CA-2020-207552,Printer,Technology,1188.13,3,0.4,-291.79
878,CA-2021-603882,Storage Drawer,Technology,1750.74,7,0.1,420.65
879,CA-2024-426232,Notebook,Technology,1852.69,6,0.0,-190.37
880,CA-2024-133835,Mouse,Furniture,1319.72,9,0.3,-287.94
881,CA-2019-716620,Address Labels,Office Supplies,1705.04,3,0.0,350.99
882,CA-2024-166198,Monitor,Technology,979.04,1,0.0,342.52
883,CA-2022-610242,Laptop Stand,Technology,1094.54,8,0.2,-234.4
884,CA-2022-421216,Paper Shredder,Office Supplies,164.33,6,0.2,-16.72
885,CA-2021-694823,Address Labels,Technology,1603.09,4,0.4,-374.9
886,CA-2020-665334,Monitor,Technology,1190.35,10,0.1,-202.68
887,CA-2021-552646,Desk Accessories,Technology,1426.77,5,0.4,197.4
888,CA-2020-403041,Printer,Technology,107.43,10,0.3,4.02
889,CA-2019-615585,Conference Table,Office Supplies,244.12,3,0.3,-14.23
890,CA-2022-269071,Mouse,Office Supplies,535.69,4,0.3,166.43
891,CA-2022-767582,Storage Drawer,Furniture,1428.18,10,0.4,209.85
892,CA-2019-234069,Keyboard,Technology,372.12,6,0.1,43.18
893,CA-2021-120217,Printer,Office Supplies,1131.08,3,0.1,-230.7
894,CA-2024-591615,Binder,Office Supplies,378.43,6,0.2,97.56
895,CA-2020-330301,Keyboard,Furniture,1981.95,8,0.1,-182.25
896,CA-2024-153570,Paper Shredder,Furniture,326.68,9,0.2,-32.09
897,CA-2024-296774,Storage Drawer,Furniture,818.77,6,0.2,257.01
898,CA-2024-798053,Laptop Stand,Furniture,1382.85,8,0.1,312.77
899,CA-2019-234838,Mouse,Office Supplies,1410.4,10,0.2,175.3
900,CA-2021-406569,Storage Drawer,Office Supplies,1908.52,9,0.2,486.1
901,CA-2021-534435,Desk Lamp,Office Supplies,55.59,5,0.3,-8.65
902,CA-2021-912206,Storage Drawer,Office Supplies,722.45,9,0.2,116.12
903,CA-2020-494049,Storage Drawer,Furniture,1234.74,5,0.2,-56.61
904,CA-2024-262372,Conference Table,Furniture,1072.79,9,0.0,12.39
905,CA-2021-800793,Paper Shredder,Office Supplies,1833.52,1,0.2,203.05
906,CA-2021-854918,Storage Drawer,Office Supplies,1548.8,1,0.1,346.76
907,CA-2024-512756,Office Chair,Technology,1074.03,9,0.1,84.77
908,CA-2022-604777,Address Labels,Technology,956.73,2,0.0,205.54
909,CA-2021-923753,Mouse,Furniture,285.69,9,0.0,-68.44
910,CA-2020-404135,Storage Drawer,Office Supplies,167.8,4,0.4,41.46
911,CA-2021-181025,Notebook,Furniture,912.02,7,0.1,185.26
912,CA-2023-359109,Storage Drawer,Office Supplies,976.42,4,0.2,331.6
913,CA-2023-639966,Printer,Technology,480.59,9,0.3,-118.71
914,CA-2024-134213,Laptop Stand,Technology,1764.17,6,0.2,-38.12
915,CA-2020-806232,Bookcase,Technology,1524.43,7,0.3,341.35
916,CA-2019-150004,Desk Lamp,Technology,1737.8,3,0.2,30.59
917,CA-2021-222410,Bookcase,Office Supplies,664.97,7,0.0,194.71
918,CA-2023-947834,Mouse,Office Supplies,1918.43,1,0.4,-95.56
919,CA-2020-995711,Mouse,Furniture,971.7,7,0.4,196.01
920,CA-2022-420449,Conference Table,Office Supplies,1929.7,7,0.1,-21.96
921,CA-2023-895348,Notebook,Furniture,1028.18,7,0.3,45.57
922,CA-2019-737384,Bookcase,Office Supplies,298.03,2,0.4,-49.82
923,CA-2023-587426,Desk Accessories,Furniture,1031.52,3,0.0,42.78
924,CA-2019-333086,Printer,Furniture,621.97,2,0.2,-100.58
925,CA-2020-431720,Desk Lamp,Technology,953.02,2,0.1,193.17
926,CA-2021-953575,Monitor,Office Supplies,1313.42,10,0.2,148.85
927,CA-2019-995398,Binder,Technology,631.92,4,0.3,185.9
928,CA-2022-540415,Desk Lamp,Office Supplies,569.62,4,0.0,3.4
929,CA-2021-742746,Notebook,Technology,1451.15,9,0.4,369.32
930,CA-2019-131316,Bookcase,Technology,1542.34,10,0.0,84.97
931,CA-2022-911770,Printer,Technology,1912.34,2,0.4,446.71
932,CA-2023-355922,Conference Table,Furniture,718.38,6,0.3,132.35
933,CA-2021-430029,Storage Drawer,Technology,907.18,2,0.3,-182.37
934,CA-2024-262922,Address Labels,Technology,1423.77,3,0.4,373.95
935,CA-2023-747144,Desk Lamp,Office Supplies,1422.07,1,0.3,346.36
936,CA-2024-573322,Storage Drawer,Furniture,390.93,4,0.4,127.14
937,CA-2020-547465,Desk Accessories,Technology,1321.89,2,0.0,204.11
938,CA-2021-279208,Storage Drawer,Technology,933.79,8,0.0,208.03
939,CA-2024-402302,Notebook,Technology,1378.77,3,0.3,-143.47
940,CA-2020-460757,Desk Lamp,Furniture,1991.11,4,0.3,-163.3
941,CA-2020-627279,Desk Lamp,Technology,452.25,10,0.3,145.94
942,CA-2022-503003,Binder,Furniture,1702.09,6,0.2,378.52
943,CA-2019-535192,Office Chair,Technology,1781.08,4,0.4,-246.68
944,CA-2022-774795,Office Chair,Furniture,1344.83,3,0.2,37.81
945,CA-2019-882594,Storage Drawer,Technology,625.21,8,0.2,-154.6
946,CA-2024-882247,Mouse,Technology,1027.41,2,0.4,328.12
947,CA-2019-326477,Notebook,Technology,1647.92,1,0.4,-98.15
948,CA-2020-678635,Paper Shredder,Furniture,801.53,7,0.1,65.45
949,CA-2021-496498,Desk Lamp,Office Supplies,1030.35,6,0.3,52.35
950,CA-2023-628818,Notebook,Furniture,712.4,8,0.0,157.22
951,CA-2019-722718,Paper Shredder,Furniture,636.17,7,0.0,152.79
952,CA-2021-328497,Printer,Office Supplies,288.06,8,0.0,94.73
953,CA-2021-811165,Desk Accessories,Technology,1400.58,5,0.1,-341.81
954,CA-2023-761558,Monitor,Furniture,1265.17,4,0.2,-154.39
955,CA-2023-934980,Keyboard,Office Supplies,1098.06,1,0.0,-219.77
956,CA-2024-756579,Desk Lamp,Technology,235.57,5,0.3,14.6
957,CA-2022-521536,Desk Lamp,Furniture,1318.83,8,0.4,140.69
958,CA-2020-136319,Address Labels,Furniture,579.7,4,0.1,-71.38
959,CA-2024-557288,Bookcase,Office Supplies,1611.73,1,0.1,284.09
960,CA-2022-812321,Binder,Office Supplies,789.9,4,0.0,-28.21
961,CA-2020-911255,Mouse,Technology,173.98,10,0.0,55.16
962,CA-2022-781013,Address Labels,Technology,330.55,9,0.4,13.96
963,CA-2023-934910,Monitor,Technology,1606.61,2,0.4,401.84
964,CA-2020-909703,Binder,Office Supplies,199.18,2,0.3,-5.33
965,CA-2024-962055,Desk Lamp,Office Supplies,634.37,7,0.4,-103.88
966,CA-2023-844805,Monitor,Technology,799.08,7,0.4,47.19
967,CA-2024-187712,Binder,Furniture,1836.04,5,0.3,-439.48
968,CA-2019-561670,Binder,Office Supplies,147.21,7,0.1,28.71
969,CA-2021-139779,Desk Lamp,Technology,1125.8,6,0.1,-7.37
970,CA-2023-190149,Paper Shredder,Furniture,1880.08,4,0.4,76.74
971,CA-2024-802581,Desk Accessories,Furniture,1261.89,3,0.0,-212.99
972,CA-2019-854792,Mouse,Office Supplies,649.89,8,0.1,-71.81
973,CA-2023-464129,Keyboard,Office Supplies,963.59,7,0.1,-20.24
974,CA-2022-535046,Binder,Furniture,1940.88,10,0.4,538.99
975,CA-2021-418567,Monitor,Office Supplies,487.35,9,0.4,169.33
976,CA-2020-759053,Laptop Stand,Technology,460.41,4,0.4,3.57
977,CA-2024-276914,Conference Table,Furniture,1782.56,1,0.3,-297.18
978,CA-2019-598391,Notebook,Office Supplies,1368.57,9,0.3,-340.05
979,CA-2019-899489,Monitor,Office Supplies,767.7,10,0.0,-128.26
980,CA-2024-363903,Conference Table,Technology,1904.74,7,0.1,-120.99
981,CA-2019-106751,Keyboard,Office Supplies,203.46,10,0.1,-48.22
982,CA-2021-133191,Binder,Technology,308.29,2,0.3,-65.46
983,CA-2021-990739,Monitor,Furniture,1224.75,9,0.2,365.87
984,CA-2020-435021,Notebook,Furniture,1318.98,4,0.3,253.47
985,CA-2020-673381,Address Labels,Furniture,854.66,2,0.1,66.53
986,CA-2020-185160,Address Labels,Technology,1367.31,10,0.3,13.21
987,CA-2021-960912,Bookcase,Furniture,101.28,5,0.2,12.3
988,CA-2021-265886,Laptop Stand,Furniture,782.48,3,0.1,-48.34
989,CA-2021-131655,Conference Table,Office Supplies,1227.71,9,0.4,203.78
990,CA-2023-467646,Storage Drawer,Technology,1233.61,8,0.1,218.6
991,CA-2024-970229,Conference Table,Office Supplies,802.31,2,0.4,218.0
992,CA-2020-249594,Conference Table,Furniture,257.78,5,0.2,46.11
993,CA-2022-894638,Paper Shredder,Office Supplies,1784.76,4,0.3,430.37
994,CA-2023-694175,Keyboard,Furniture,1220.42,3,0.0,62.04
995,CA-2023-103932,Desk Lamp,Furniture,1264.8,3,0.0,25.4
996,CA-2019-356196,Notebook,Furniture,1526.47,10,0.1,-367.6
997,CA-2023-741640,Notebook,Office Supplies,1162.99,4,0.4,2.48
998,CA-2023-304589,Desk Lamp,Technology,1337.75,2,0.1,227.44
999,CA-2021-863435,Desk Lamp,Furniture,695.98,7,0.0,4.08
1000,CA-2019-102523,Conference Table,Technology,1009.06,8,0.4,195.05
